Name,Email
Olivia Noah,Olivia.Noah@stud.cs.pub.ro
Riley Jackson,Riley.Jackson@stud.cs.pub.ro
Emma Aiden,Emma.Aiden@stud.cs.pub.ro
Eva Elijah,Ava.Elijah@stud.cs.pub.ro
Isabela Grayson,Isabella.Grayson@stud.cs.pub.ro
Aria Lucas,Aria.Lucas@stud.cs.pub.ro
Aalyah Oliver,Aaliyah.Oliver@stud.cs.pub.ro
Amelia Camdden,Amelia.Caden@stud.cs.pub.ro
Mia Mateo,Mia.Mateo@stud.cs.pub.ro
Layla Muhammad,Layla.Muhammad@stud.cs.pub.ro
Zoe Mason,Zoe.Mason@stud.cs.pub.ro
Camilla Carter,Camilla.Carter@stud.cs.pub.ro
Charlote Jayden,Charlotte.Jayden@stud.cs.pub.ro
Eliana Ethan,Eliana.Ethan@stud.cs.pub.ro
Mila Sebastian,Mila.Sebastian@stud.cs.pub.ro
Everrly James,Everly.James@stud.cs.pub.ro
Luna Michael,Luna.Michael@stud.cs.pub.ro
Avery Benjamin,Avery.Benjamin@stud.cs.pub.ro
Evelyn Logan,Evelyn.Logan@stud.cs.pub.ro
Harrper Leo,Harper.Leo@stud.cs.pub.ro
Lilly Lucca,Lily.Luca@stud.cs.pub.ro
Ella Alexander,Ella.Alexander@stud.cs.pub.ro
Gianna Levi,Gianna.Levi@stud.cs.pub.ro
Chloe Daniel,Chloe.Daniel@stud.cs.pub.ro
Adalynne Josiah,Adalyn.Josiah@stud.cs.pub.ro
Charlie Henry,Charlie.Henry@stud.cs.pub.ro
Isla Jayce,Isla.Jayce@stud.cs.pub.ro
Ellie Julian,Ellie.Julian@stud.cs.pub.ro
Leah Jack,Leah.Jack@stud.cs.pub.ro
Nora Ryan,Nora.Ryan@stud.cs.pub.ro
Scarlet Jacob,Scarlett.Jacob@stud.cs.pub.ro
Mayah Aser,Maya.Asher@stud.cs.pub.ro
Abigail Wyatt,Abigail.Wyatt@stud.cs.pub.ro
Madison Wiliam,Madison.William@stud.cs.pub.ro
Aobrey Owen,Aubrey.Owen@stud.cs.pub.ro
Emilly Gabrielle,Emily.Gabriel@stud.cs.pub.ro
Kinsley Milos,Kinsley.Miles@stud.cs.pub.ro
Elena Lincoln,Elena.Lincoln@stud.cs.pub.ro
Paisley Ezrah,Paisley.Ezra@stud.cs.pub.ro
Madelynne Isaiiah,Madelyn.Isaiah@stud.cs.pub.ro
Aurora Luke,Aurora.Luke@stud.cs.pub.ro
Peyton Cameron,Peyton.Cameron@stud.cs.pub.ro
Novah Caleb,Nova.Caleb@stud.cs.pub.ro
Emilia Isaac,Emilia.Isaac@stud.cs.pub.ro
Hannah Carson,Hannah.Carson@stud.cs.pub.ro
Sarah Samuel,Sarah.Samuel@stud.cs.pub.ro
Ariana Colton,Ariana.Colton@stud.cs.pub.ro
Penelope Maverick,Penelope.Maverick@stud.cs.pub.ro
Lila Matthew,Lila.Matthew@stud.cs.pub.ro
Brooklyn Ian,Brooklyn.Ian@stud.cs.pub.ro
Emery David,Emery.David@stud.cs.pub.ro
Callie Adam,Callie.Adam@stud.cs.pub.ro
Hazel Nicholas,Hazel.Nicholas@stud.cs.pub.ro
Hailey Elias,Hailey.Elias@stud.cs.pub.ro
Eleanor Adrian,Eleanor.Adrian@stud.cs.pub.ro
Violet Kai,Violet.Kai@stud.cs.pub.ro
Elizabet Natan,Elizabeth.Nathan@stud.cs.pub.ro
Grace Eli,Grace.Eli@stud.cs.pub.ro
Anna Hudson,Anna.Hudson@stud.cs.pub.ro
Mackenzie John,Mackenzie.John@stud.cs.pub.ro
Kayle Zane,Kaylee.Zane@stud.cs.pub.ro
Victoria Connor,Victoria.Connor@stud.cs.pub.ro
Natalie Ezekiel,Natalie.Ezekiel@stud.cs.pub.ro
Raelynn Anthony,Raelynn.Anthony@stud.cs.pub.ro
Adison Josep,Addison.Joseph@stud.cs.pub.ro
Skyler Landon,Skyler.Landon@stud.cs.pub.ro
Melanie Jameson,Melanie.Jameson@stud.cs.pub.ro
Stela Thomas,Stella.Thomas@stud.cs.pub.ro
Naomi Aaron,Naomi.Aaron@stud.cs.pub.ro
Lelani Christian,Lelani.Christian@stud.cs.pub.ro
Isabele Havier,Isabelle.Xavier@stud.cs.pub.ro
Bella Nolan,Bella.Nolan@stud.cs.pub.ro
Liliana Easton,Liliana.Easton@stud.cs.pub.ro
Kennedy Joshua,Kennedy.Joshua@stud.cs.pub.ro
Gabriella Dominic,Gabriella.Dominic@stud.cs.pub.ro
Willow Roman,Willow.Roman@stud.cs.pub.ro
Lucie Dylan,Lucy.Dylan@stud.cs.pub.ro
Savana Amir,Savannah.Amir@stud.cs.pub.ro
Lillian Christopher,Lillian.Christopher@stud.cs.pub.ro
Sophie Theodore,Sophie.Theodore@stud.cs.pub.ro
Ivy Jeremiah,Ivy.Jeremiah@stud.cs.pub.ro
Amaya Hunter,Amaya.Hunter@stud.cs.pub.ro
Delilah Andrew,Delilah.Andrew@stud.cs.pub.ro
Nevae Jordyn,Nevaeh.Jordyn@stud.cs.pub.ro
London Damian,London.Damian@stud.cs.pub.ro
Alaina Zion,Alaina.Zion@stud.cs.pub.ro
Adeline Theo,Adeline.Theo@stud.cs.pub.ro
Audrey Cooper,Audrey.Cooper@stud.cs.pub.ro
Anaya Malachi,Anaya.Malachi@stud.cs.pub.ro
Maria Axel,Maria.Axel@stud.cs.pub.ro
Eva Santiago,Eva.Santiago@stud.cs.pub.ro
Jasmine Elliot,Jasmine.Elliot@stud.cs.pub.ro
Nyla Brison,Nyla.Bryson@stud.cs.pub.ro
Cora Brayden,Cora.Brayden@stud.cs.pub.ro
Reagan Roawan,Reagan.Rowan@stud.cs.pub.ro
Makaila Jonathan,Makayla.Jonathan@stud.cs.pub.ro
Claire Evan,Claire.Evan@stud.cs.pub.ro
Allison Max,Allison.Max@stud.cs.pub.ro
Emerson Beau,Emerson.Beau@stud.cs.pub.ro
Liam Sophia,Liam.Sophia@stud.cs.pub.ro
Noah Olivia,Noah.Olivia@stud.cs.pub.ro
Jacson Riley,Jackson.Riley@stud.cs.pub.ro
Aiden Emma,Aiden.Emma@stud.cs.pub.ro
Elijah Eva,Elijah.Ava@stud.cs.pub.ro
Grayson Isabella,Grayson.Isabella@stud.cs.pub.ro
Lucas Aria,Lucas.Aria@stud.cs.pub.ro
Oliver Aaliyah,Oliver.Aaliyah@stud.cs.pub.ro
Caden Amelia,Caden.Amelia@stud.cs.pub.ro
Mateo Mia,Mateo.Mia@stud.cs.pub.ro
Muhammad Layla,Muhammad.Layla@stud.cs.pub.ro
Mason Zoe,Mason.Zoe@stud.cs.pub.ro
Carter Camila,Carter.Camilla@stud.cs.pub.ro
Jaden Charlote,Jayden.Charlotte@stud.cs.pub.ro
Ethan Eliana,Ethan.Eliana@stud.cs.pub.ro
Sebastian Mila,Sebastian.Mila@stud.cs.pub.ro
James Everly,James.Everly@stud.cs.pub.ro
Michael Luna,Michael.Luna@stud.cs.pub.ro
Beniamin Avery,Benjamin.Avery@stud.cs.pub.ro
Logan Evelin,Logan.Evelyn@stud.cs.pub.ro
Leo Harper,Leo.Harper@stud.cs.pub.ro
Luca Lily,Luca.Lily@stud.cs.pub.ro
Alexander Ela,Alexander.Ella@stud.cs.pub.ro
Levi Gianna,Levi.Gianna@stud.cs.pub.ro
Daniel Chloe,Daniel.Chloe@stud.cs.pub.ro
Josiah Adalinne,Josiah.Adalyn@stud.cs.pub.ro
Henry Charlie,Henry.Charlie@stud.cs.pub.ro
Jayce Isla,Jayce.Isla@stud.cs.pub.ro
Julian Ellie,Julian.Ellie@stud.cs.pub.ro
Jack Leah,Jack.Leah@stud.cs.pub.ro
Ryan Nora,Ryan.Nora@stud.cs.pub.ro
Jacob Scarlett,Jacob.Scarlett@stud.cs.pub.ro
Asher Maya,Asher.Maya@stud.cs.pub.ro
Wyatt Abigail,Wyatt.Abigail@stud.cs.pub.ro
William Madison,William.Madison@stud.cs.pub.ro
Owen Aubray,Owen.Aubrey@stud.cs.pub.ro
Gabriel Emily,Gabriel.Emily@stud.cs.pub.ro
Miles Kinsley,Miles.Kinsley@stud.cs.pub.ro
Lincoln Elena,Lincoln.Elena@stud.cs.pub.ro
Ezra Paisley,Ezra.Paisley@stud.cs.pub.ro
Isaiah Madelyn,Isaiah.Madelyn@stud.cs.pub.ro
Luke Aurora,Luke.Aurora@stud.cs.pub.ro
Cameron Peyton,Cameron.Peyton@stud.cs.pub.ro
Caleb Nova,Caleb.Nova@stud.cs.pub.ro
Isaac Emilia,Isaac.Emilia@stud.cs.pub.ro
Carson Hannah,Carson.Hannah@stud.cs.pub.ro
Samuel Sarah,Samuel.Sarah@stud.cs.pub.ro
Colton Ariana,Colton.Ariana@stud.cs.pub.ro
Maverick Penelopa,Maverick.Penelope@stud.cs.pub.ro
Matthew Lila,Matthew.Lila@stud.cs.pub.ro
Ian Brooklyn,Ian.Brooklyn@stud.cs.pub.ro
David Emery,David.Emery@stud.cs.pub.ro
Adam Callie,Adam.Callie@stud.cs.pub.ro
Nicholas Hazel,Nicholas.Hazel@stud.cs.pub.ro
Elias Hailey,Elias.Hailey@stud.cs.pub.ro
Adrian Eleanor,Adrian.Eleanor@stud.cs.pub.ro
Kai Violet,Kai.Violet@stud.cs.pub.ro
Nathan Elizabeth,Nathan.Elizabeth@stud.cs.pub.ro
Eli Grace,Eli.Grace@stud.cs.pub.ro
Hudson Anna,Hudson.Anna@stud.cs.pub.ro
John Mackenzie,John.Mackenzie@stud.cs.pub.ro
Zan Kayle,Zane.Kaylee@stud.cs.pub.ro
Connor Victoria,Connor.Victoria@stud.cs.pub.ro
Ezekielle Natalie,Ezekiel.Natalie@stud.cs.pub.ro
Anthony Raelynn,Anthony.Raelynn@stud.cs.pub.ro
Joseph Addison,Joseph.Addison@stud.cs.pub.ro
Landon Skyler,Landon.Skyler@stud.cs.pub.ro
Jameson Melanie,Jameson.Melanie@stud.cs.pub.ro
Thomas Stella,Thomas.Stella@stud.cs.pub.ro
Aaron Naomi,Aaron.Naomi@stud.cs.pub.ro
Christian Lelani,Christian.Lelani@stud.cs.pub.ro
Xavier Isabelle,Xavier.Isabelle@stud.cs.pub.ro
Nolan Bella,Nolan.Bella@stud.cs.pub.ro
Easton Liliana,Easton.Liliana@stud.cs.pub.ro
Joshua Kennedy,Joshua.Kennedy@stud.cs.pub.ro